{"XBTEUR":{"pair":"XBTEUR","side":"long","qty":0.0001769338426668884,"entry_price_eur":56518.3,"fees_eur":0.0,"notional_eur":10.0,"entry_ts":1781511916},"XRPEUR":{"pair":"XRPEUR","side":"long","qty":9.801903529665461,"entry_price_eur":1.02021,"fees_eur":0.0,"notional_eur":10.0,"entry_ts":1781519388},"SOLEUR":{"pair":"SOLEUR","side":"long","qty":0.16299918500407498,"entry_price_eur":61.35,"fees_eur":0.0,"notional_eur":10.0,"entry_ts":1781504346},"ETHEUR":{"pair":"ETHEUR","side":"long","qty":0.006741179167059901,"entry_price_eur":1483.42,"fees_eur":0.0,"notional_eur":10.0,"entry_ts":1781495659}}