{"XBTEUR":{"pair":"XBTEUR","side":"long","qty":0.00018049498945909263,"entry_price_eur":55403.2,"fees_eur":0.0,"notional_eur":10.0,"entry_ts":1781795272},"XRPEUR":{"pair":"XRPEUR","side":"long","qty":9.801903529665461,"entry_price_eur":1.02021,"fees_eur":0.0,"notional_eur":10.0,"entry_ts":1781519388},"SOLEUR":{"pair":"SOLEUR","side":"long","qty":0.1548467017652524,"entry_price_eur":64.58,"fees_eur":0.0,"notional_eur":10.0,"entry_ts":1782130312},"ETHEUR":{"pair":"ETHEUR","side":"long","qty":0.006656725955905847,"entry_price_eur":1502.24,"fees_eur":0.0,"notional_eur":10.0,"entry_ts":1781934222}}