{
  "XRPEUR": {
    "pair": "XRPEUR",
    "side": "short",
    "qty": 28.341313,
    "entry_price_eur": 1.0585,
    "fees_eur": 0.0,
    "notional_eur": 30.0,
    "entry_ts": 1780424680
  },
  "XBTEUR": {
    "pair": "XBTEUR",
    "side": "short",
    "qty": 0.0002618413381139743,
    "entry_price_eur": 57286.6,
    "fees_eur": 0.0,
    "notional_eur": 14.999999999999998,
    "entry_ts": 1780428740
  },
  "SOLEUR": {
    "pair": "SOLEUR",
    "side": "short",
    "qty": 0.23771790808240886,
    "entry_price_eur": 63.1,
    "fees_eur": 0.0,
    "notional_eur": 15.0,
    "entry_ts": 1780457886
  },
  "ETHEUR": {
    "pair": "ETHEUR",
    "side": "short",
    "qty": 0.009409816320385426,
    "entry_price_eur": 1594.08,
    "fees_eur": 0.0,
    "notional_eur": 15.0,
    "entry_ts": 1780442680
  }
}