{"XBTEUR":{"pair":"XBTEUR","side":"long","qty":0.00018087925405395629,"entry_price_eur":55285.5,"fees_eur":0.0,"notional_eur":10.0,"entry_ts":1781759213},"XRPEUR":{"pair":"XRPEUR","side":"long","qty":9.801903529665461,"entry_price_eur":1.02021,"fees_eur":0.0,"notional_eur":10.0,"entry_ts":1781519388},"SOLEUR":{"pair":"SOLEUR","side":"long","qty":0.16265452179570594,"entry_price_eur":61.48,"fees_eur":0.0,"notional_eur":10.0,"entry_ts":1781761223},"ETHEUR":{"pair":"ETHEUR","side":"long","qty":0.006691424938940747,"entry_price_eur":1494.45,"fees_eur":0.0,"notional_eur":10.0,"entry_ts":1781759294}}